Date,VOC (ppm), Temperature (C), Humidity (%),Pressure (hPa),PM1,PM2.5,PM10,PM4
2020-05-19 16:40:31,1.192,19.4,52,101930,16777215,16777215,16777215,16777215
2020-05-19 16:50:31,1.222,19.5,49,101920,16777215,16777215,16777215,16777215
2020-05-19 17:00:32,1.173,19.5,49,1019.2,167772.15,167772.15,167772.15,167772.15
2020-05-19 17:10:32,0.555,21.5,46,1018.9,167772.15,167772.15,167772.15,167772.15
2020-05-19 17:20:33,0.93,22.0,45,1019.0,167772.15,167772.15,167772.15,167772.15
2020-05-19 17:30:31,0.63,22.8,43,1019.1,167772.15,167772.15,167772.15,167772.15
2020-05-19 17:50:31,0.357,21.2,47,1018.9,167772.15,167772.15,167772.15,167772.15
2020-05-19 18:00:32,0.778,20.0,49,1018.9,3.87,5.58,6.44,4.09
2020-05-19 18:10:31,1.147,19.7,49,1019.0,167772.15,167772.15,167772.15,167772.15
2020-05-19 18:20:31,1.185,19.5,49,1018.9,167772.15,167772.15,167772.15,167772.15
2020-05-19 18:30:32,1.16,19.4,53,1018.9,167772.15,167772.15,167772.15,167772.15
2020-05-19 18:40:33,1.133,19.3,52,1018.9,167772.15,167772.15,167772.15,167772.15
2020-05-19 19:00:31,1.056,19.4,52,1019.0,167772.15,167772.15,167772.15,167772.15
2020-05-19 21:10:33,0.837,18.6,55,1019.1,167772.15,167772.15,167772.15,167772.15
2020-05-19 21:20:28,1.219,18.8,53,1019.1,3.49,5.65,7.2,4.99
2020-05-20 10:30:26,1.182,18.7,49,1017.1,6.96,9.44,11.12,8.8
2020-05-20 12:10:28,0.344,19.2,43,1016.6,2.37,4.1,5.32,3.21
2020-05-20 13:50:33,0.372,19.2,38,1016.3,1.44,2.62,3.57,1.53
2020-05-20 15:30:26,0.627,27.5,20,1015.8,2.38,4.64,6.36,4.06
2020-05-20 19:00:26,0.365,18.5,50,1014.7,5.08,6.97,8.18,5.91
2020-05-20 20:40:27,1.155,19.0,49,1015.0,6.86,9.13,11.11,8.62
2020-05-22 14:20:34,0.001,22.1,38,1013.1,2.72,7.7,11.98,9.15
2020-05-22 16:00:33,0.063,18.1,43,1013.4,2.33,7.72,12.37,9.37
2020-05-22 17:40:35,0.045,18.0,41,1013.8,2.44,7.26,11.33,8.5
2020-05-22 20:30:35,0.172,17.5,44,1014.9,20.71,25.08,27.57,25.11
2020-05-22 20:40:42,0.123,18.0,46,1015.1,10.87,13.9,16.22,13.57
2020-05-22 21:10:44,0.158,17.7,44,1015.3,4.58,9.02,13.48,10.57
2020-06-01 14:50:44,0.07,32.6,41,1017.2,1.33,2.69,3.52,1.41
2020-06-01 17:00:35,0.001,21.8,33,1016.5,1.23,2.36,3.59,1.3
2020-06-01 18:40:33,0.132,21.5,35,1016.3,1.94,3.08,4.52,2.05
2020-06-01 20:20:39,0.09,21.3,40,1016.5,2.22,3.93,5.4,2.97
2020-06-01 22:00:37,0.141,22.5,39,1017.2,2.46,3.79,4.74,2.6
2020-06-02 08:31:37,0.061,22.4,44,1016.7,4.8,6.5,7.28,5.07
2020-06-02 10:30:40,0.047,28.8,31,1016.4,1.17,3.57,5.67,3.26
2020-06-02 10:40:36,0.004,28.8,27,1016.2,3.9,5.32,6.21,4.12
2020-06-02 11:00:35,0.01,28.2,29,1016.1,2.58,4.21,4.78,2.73
2020-06-02 11:10:33,0.017,28.7,26,1016.0,1.59,3.25,4.77,2.46
2020-06-02 11:20:36,0.02,29.0,28,1016.0,1.53,3.14,3.93,1.83
2020-06-02 11:31:08,0.008,29.9,24,1015.9,1.76,3.15,3.91,1.86
2020-06-02 11:40:37,0.015,30.2,25,1015.9,2.79,4.38,5.16,2.95
2020-06-02 11:50:34,0.011,30.2,23,1015.9,3.95,9.16,14.03,11.17
2020-06-02 12:00:32,0.004,30.3,22,1015.8,2.61,5.41,7.33,5.1
2020-06-02 12:10:37,0.0,30.2,22,1015.6,2.2,4.12,5.43,3.25
2020-06-02 12:20:35,0.02,28.3,25,1015.4,1.48,2.89,3.86,1.56
2020-06-02 12:30:37,0.004,29.0,23,1015.2,3.42,9.85,16.07,13.01
2020-06-02 12:40:38,0.0,28.4,27,1015.1,2.13,3.63,4.75,2.25
2020-06-02 12:50:40,0.003,27.4,27,1015.0,2.5,7.37,12.18,9.13
2020-06-02 13:00:33,0.005,26.8,26,1014.9,1.47,2.85,3.82,1.56
2020-06-02 13:10:41,0.06,25.5,28,1014.9,2.95,11.13,18.95,15.46
2020-06-02 13:20:36,0.053,25.4,30,1014.9,2.1,9.24,15.62,12.42
2020-06-02 13:40:35,0.0,28.5,28,1014.5,3.79,6.12,7.45,5.3
2020-06-02 13:50:35,0.0,30.0,25,1014.4,3.48,4.98,5.96,3.68
2020-06-02 14:00:35,0.1,29.9,25,1014.4,1.14,6.0,10.26,7.53
2020-06-02 14:10:34,0.067,27.4,28,1014.2,1.39,2.69,3.58,1.47
2020-06-02 14:20:33,0.096,31.2,22,1014.0,3.38,9.59,15.21,12.08
2020-06-02 14:30:35,0.066,28.8,25,1014.0,2.7,4.21,4.9,2.86
2020-06-02 14:50:33,0.067,26.7,27,1013.7,2.58,4.21,4.78,2.73
2020-06-02 15:00:33,0.164,26.6,27,1013.7,2.58,4.21,4.78,2.73
2020-06-02 15:10:36,0.15,25.4,30,1013.5,2.58,4.21,4.78,2.73
2020-06-02 15:30:34,0.069,23.2,34,1013.2,2.26,3.68,4.44,2.39
2020-06-02 15:40:33,0.127,23.9,32,1013.1,3.75,12.91,21.51,17.96
2020-06-02 15:50:33,0.021,23.4,31,1012.9,3.66,4.88,6.03,3.87
2020-06-02 16:00:32,0.0,28.7,30,1012.8,2.95,4.95,6.7,4.2
2020-06-02 16:10:33,0.0,26.2,28,1012.6,2.85,4.39,5.23,3.01
2020-06-02 16:20:34,0.069,24.3,32,1012.5,46.05,49.92,50.77,48.69
2020-06-02 16:40:33,0.007,25.8,31,1012.3,1.15,5.98,10.55,7.79
2020-06-02 16:50:33,0.011,24.5,34,1012.2,4.0,15.27,25.07,21.51
2020-06-02 17:00:34,0.013,23.5,36,1012.2,2.93,4.51,5.43,3.09
2020-06-02 17:20:33,0.0,25.7,31,1011.9,6.43,20.78,33.99,29.47
2020-06-02 17:30:33,0.0,26.1,31,1011.8,4.47,5.92,6.87,4.73
2020-06-02 17:40:33,0.0,24.4,34,1011.9,3.48,4.98,5.96,3.68
2020-06-02 17:50:33,0.0,23.1,36,1011.8,2.4,6.44,9.58,6.9
2020-06-02 18:00:33,0.015,22.4,37,1011.7,4.12,5.61,6.72,4.36
2020-06-02 18:40:35,0.0,24.2,36,1011.3,4.28,5.86,6.62,4.52
2020-06-02 19:00:34,0.0,24.0,35,1011.4,3.96,5.33,6.28,4.19
2020-06-02 19:10:37,0.049,22.3,40,1011.3,3.68,5.07,6.24,3.89
2020-06-02 19:20:36,0.042,21.3,42,1011.2,4.06,5.64,6.69,4.3
2020-06-02 19:30:34,0.074,20.8,42,1011.2,4.14,5.72,6.84,4.37
2020-06-02 19:50:34,0.082,20.5,43,1011.2,3.67,4.98,6.14,3.88
2020-06-02 20:00:35,0.081,20.5,42,1011.2,3.42,4.97,5.88,3.62
2020-06-03 08:30:37,0.336,19.3,52,1005.4,12.71,14.48,15.64,13.44
2020-06-03 08:40:36,0.197,19.1,52,1005.3,8.84,10.45,11.75,9.35
2020-06-03 08:50:37,0.074,18.9,52,1005.3,7.27,8.84,10.08,7.69
2020-06-03 09:00:35,0.046,18.8,52,1005.1,6.31,8.12,8.9,6.67
2020-06-03 09:10:38,0.042,18.0,54,1005.1,5.48,7.02,7.99,5.8
2020-06-03 09:20:35,0.0,17.0,56,1004.8,5.81,7.16,8.45,6.15
2020-06-03 09:30:35,0.0,16.4,60,1004.8,6.67,8.53,9.17,7.05
2020-06-03 09:40:35,0.0,16.0,61,1004.7,9.48,11.07,12.52,10.02
2020-06-03 09:50:35,0.0,15.8,61,1004.5,7.64,9.29,10.4,8.07
2020-06-03 10:00:36,0.002,15.7,62,1004.5,7.09,8.92,9.98,7.5
2020-06-03 10:10:39,0.003,15.6,62,1004.4,7.24,9.11,9.83,7.66
2020-06-03 10:20:42,0.006,15.7,63,1004.4,7.16,8.94,9.57,7.57
2020-06-03 10:30:36,0.007,15.7,64,1004.3,7.54,9.01,10.02,7.97
2020-06-03 10:40:37,0.005,15.8,65,1004.3,6.4,7.87,9.25,6.77
2020-06-03 10:50:36,0.006,15.7,65,1004.3,6.74,8.14,9.35,7.13
2020-06-03 11:00:34,0.008,15.7,65,1004.3,6.71,8.4,9.59,7.1
2020-06-03 11:10:34,0.005,15.7,65,1004.3,6.56,8.15,9.19,6.94
2020-06-03 11:20:35,0.012,15.8,65,1004.2,7.02,8.87,9.86,7.43
2020-06-03 11:30:36,0.008,15.7,67,1004.1,7.22,8.98,9.67,7.64
2020-06-03 11:40:35,0.015,15.9,67,1004.0,8.06,9.72,10.75,8.53
2020-06-03 11:50:36,0.026,15.9,68,1004.1,7.79,9.51,10.27,8.24
2020-06-03 12:00:33,0.026,16.0,69,1004.0,8.3,10.08,10.85,8.77
2020-06-03 12:20:34,0.02,16.1,67,1003.9,9.49,11.2,12.16,10.04
2020-06-03 12:30:36,0.016,16.1,65,1003.9,8.88,10.8,11.65,9.39
2020-06-03 12:40:37,0.016,16.2,65,1003.9,8.61,10.58,11.16,9.1
2020-06-03 12:50:34,0.012,16.3,66,1003.8,7.91,9.45,10.82,8.36
2020-06-03 13:00:35,0.022,16.5,62,1003.8,8.27,9.84,11.08,8.74
2020-06-03 13:10:36,0.023,16.5,62,1003.6,7.93,9.61,10.51,8.38
2020-06-03 13:20:35,0.035,16.7,64,1003.5,8.29,10.06,10.82,8.77
2020-06-03 13:30:36,0.028,16.8,63,1003.5,9.82,11.79,12.57,10.38
2020-06-03 13:40:36,0.027,16.7,62,1003.5,8.21,9.91,11.09,8.68
2020-06-03 13:50:34,0.017,16.7,61,1003.5,5.85,7.43,8.26,6.18
2020-06-03 14:00:35,0.013,16.6,60,1003.4,6.46,7.87,9.31,6.83
2020-06-03 14:10:35,0.013,16.5,60,1003.4,6.8,8.59,9.36,7.19
2020-06-03 14:20:36,0.007,16.5,61,1003.4,6.91,8.49,9.38,7.31
2020-06-03 14:30:35,0.008,16.4,64,1003.4,7.71,9.36,10.54,8.15
2020-06-03 14:40:37,0.007,16.3,65,1003.4,8.87,10.72,11.56,9.38
2020-06-03 14:50:34,0.0,16.2,64,1003.3,11.71,13.47,14.63,12.38
2020-06-03 15:00:35,0.002,16.1,64,1003.4,10.97,13.0,13.92,11.6
2020-06-03 15:10:36,0.01,16.0,65,1003.3,10.64,12.37,13.47,11.25
2020-06-03 15:20:35,0.005,15.9,65,1003.2,11.77,13.47,14.69,12.45
2020-06-03 15:30:35,0.005,15.9,65,1003.2,11.88,13.81,14.64,12.56
2020-06-03 15:40:37,0.0,15.8,65,1003.1,10.53,12.52,13.51,11.14
2020-06-03 15:50:37,0.037,16.0,65,1003.2,9.45,11.33,12.24,9.99
2020-06-03 16:00:38,0.094,16.5,62,1003.2,8.27,9.89,11.14,8.75
2020-06-03 16:10:36,0.091,16.8,62,1003.2,7.12,8.61,9.7,7.52
2020-06-03 16:20:36,0.116,17.0,62,1003.1,7.21,8.88,10.06,7.63
2020-06-03 16:30:35,0.141,17.2,62,1003.0,7.29,9.04,9.81,7.71
2020-06-03 16:40:36,0.149,17.3,62,1003.1,6.94,8.73,9.65,7.34
2020-06-03 16:50:34,0.155,17.4,61,1003.0,6.48,8.05,9.01,6.86
2020-06-03 17:00:35,0.147,17.5,58,1002.9,6.66,8.43,9.07,7.04
2020-06-03 17:10:36,0.155,17.6,58,1002.9,6.81,8.69,9.48,7.2
2020-06-03 17:40:38,0.181,17.8,59,1002.8,7.33,8.81,10.1,7.75
2020-06-03 17:50:36,0.183,17.8,59,1002.8,7.84,9.41,10.72,8.29
2020-06-03 18:00:34,0.181,17.8,59,1002.8,7.07,8.75,9.79,7.48
2020-06-03 18:10:35,0.191,17.9,58,1002.8,6.62,8.13,9.23,7.0
2020-06-03 18:20:43,0.185,17.9,58,1002.8,7.65,9.41,10.53,8.09
2020-06-03 18:30:35,0.194,18.0,58,1002.8,6.71,8.36,9.55,7.1
2020-06-03 18:40:37,0.209,18.0,60,1003.0,7.2,8.77,9.94,7.61
2020-06-03 18:50:35,0.202,18.0,59,1002.9,5.81,7.18,8.47,6.15
2020-06-03 19:00:35,0.194,18.0,59,1002.9,5.9,7.35,8.73,6.24
2020-06-03 19:10:36,0.182,18.1,60,1003.0,12.17,14.18,15.31,12.87
2020-06-03 20:30:35,0.296,19.8,56,1003.4,36.54,39.66,41.04,38.64
2020-06-03 20:50:35,0.298,20.1,54,1003.6,20.74,23.39,24.04,21.93
2020-06-03 21:00:33,0.291,20.0,53,1003.6,16.5,18.91,19.85,17.45
2020-06-03 21:10:33,0.287,19.8,52,1003.7,14.3,16.25,17.5,15.12
2020-06-03 21:20:35,0.281,19.7,51,1003.9,10.38,12.27,13.1,10.97
2020-06-03 21:30:36,0.274,19.5,51,1004.0,10.41,12.05,13.42,11.01
2020-06-03 21:40:33,0.278,19.4,53,1004.1,7.67,9.54,10.18,8.11
2020-06-03 21:50:33,0.274,19.2,53,1004.2,6.9,8.37,9.75,7.3
2020-06-03 22:00:34,0.27,19.4,53,1004.3,5.6,6.98,8.06,5.92
2020-06-03 22:10:35,0.269,19.3,52,1004.4,5.86,7.56,8.4,6.2
2020-06-03 22:20:38,0.265,19.8,49,1004.3,5.51,7.2,8.19,5.82
2020-06-03 22:30:35,0.238,19.8,49,1004.2,4.53,5.86,6.87,4.79
2020-06-03 22:40:37,0.234,19.4,52,1004.4,5.38,6.99,8.28,6.05
2020-06-03 22:50:35,0.217,19.3,52,1004.3,4.66,6.57,7.81,5.43
2020-06-03 23:00:36,0.204,19.4,52,1004.4,3.77,5.46,6.79,4.47
2020-06-03 23:10:35,0.188,19.2,52,1004.6,3.48,5.23,6.18,4.08
2020-06-03 23:20:38,0.185,19.5,49,1004.4,3.64,5.33,6.67,4.44
2020-06-03 23:30:35,0.181,19.9,49,1004.2,3.24,4.8,6.0,3.82
2020-06-03 23:40:35,0.173,19.8,49,1004.3,2.96,4.6,5.95,3.46
2020-06-03 23:50:34,0.166,19.7,48,1004.3,2.45,3.64,4.69,2.68
2020-06-04 00:00:35,0.167,19.6,48,1004.4,1.96,3.19,4.23,2.14
2020-06-04 00:10:35,0.164,19.5,47,1004.3,2.23,3.45,4.67,2.36
2020-06-04 00:20:38,0.158,19.4,50,1004.3,2.3,3.45,4.74,2.43
2020-06-04 00:30:35,0.161,19.3,50,1004.3,2.55,4.54,5.92,3.4
2020-06-04 00:40:34,0.161,19.2,50,1004.3,2.16,3.94,5.38,2.93
2020-06-04 00:50:37,0.159,19.1,50,1004.4,2.14,3.92,5.12,2.73
2020-06-04 01:00:36,0.155,19.2,49,1004.3,2.62,4.57,6.11,3.54
2020-06-04 01:10:35,0.152,19.2,49,1004.3,2.4,4.22,5.72,3.45
2020-06-04 01:20:37,0.156,19.2,49,1004.4,2.1,3.91,5.37,2.94
2020-06-04 01:30:36,0.146,19.1,49,1004.3,2.13,3.85,4.95,2.64
2020-06-04 01:40:34,0.154,19.1,49,1004.4,2.14,3.54,4.94,2.49
2020-06-04 01:50:36,0.151,19.1,48,1004.3,1.95,3.56,4.66,2.19
2020-06-04 02:00:35,0.154,19.0,49,1003.9,2.59,4.22,5.0,2.9
2020-06-04 02:10:37,0.151,19.1,48,1003.9,2.61,3.89,5.08,2.83
2020-06-04 02:20:37,0.149,18.9,48,1003.7,2.48,3.85,4.91,2.69
2020-06-04 02:30:36,0.146,18.8,48,1003.7,2.49,3.99,5.07,2.71
2020-06-04 02:40:34,0.147,18.7,47,1003.5,2.64,4.21,4.85,2.79
2020-06-04 02:50:35,0.148,18.7,47,1003.5,2.69,4.14,5.33,2.85
2020-06-04 03:10:36,0.144,18.6,46,1003.3,2.58,4.2,4.87,2.81
2020-06-04 03:20:36,0.14,18.5,46,1003.3,2.28,3.71,4.64,2.54
2020-06-04 03:30:37,0.138,18.6,46,1003.2,2.27,3.7,4.52,2.44
2020-06-04 03:40:34,0.144,18.6,46,1003.2,2.35,3.89,4.73,2.49
2020-06-04 03:50:36,0.142,18.6,46,1003.2,2.57,4.13,5.19,2.71
2020-06-04 04:00:36,0.138,18.6,46,1003.2,2.34,3.74,4.67,2.55
2020-06-04 04:10:35,0.144,18.5,46,1003.1,2.76,4.48,5.52,3.16
2020-06-04 04:20:38,0.138,18.5,45,1003.1,2.53,4.46,5.63,3.21
2020-06-04 04:30:35,0.133,18.4,48,1003.0,2.3,3.7,5.05,2.89
2020-06-04 04:50:36,0.131,18.3,47,1003.0,1.81,3.43,4.52,2.16
2020-06-04 05:00:37,0.127,18.2,47,1003.1,1.6,3.19,4.09,1.94
2020-06-04 05:10:34,0.124,18.2,46,1003.2,1.58,3.07,3.88,1.87
2020-06-04 05:20:36,0.122,18.1,46,1003.0,1.68,3.31,4.31,2.04
2020-06-04 05:30:36,0.12,18.1,46,1003.0,1.57,3.22,4.58,2.32
2020-06-04 05:40:37,0.118,18.0,46,1002.9,2.08,4.01,5.33,3.23
2020-06-04 05:50:35,0.115,18.0,45,1002.8,1.93,3.75,5.66,3.27
2020-06-04 06:00:34,0.115,18.0,45,1002.8,2.25,4.46,6.25,4.07
2020-06-04 06:10:35,0.114,18.0,45,1002.7,3.25,6.6,9.01,6.48
2020-06-04 06:20:37,0.113,18.0,45,1002.9,2.99,6.38,8.78,6.42
2020-06-04 06:30:34,0.109,18.0,45,1002.9,2.64,5.36,7.84,5.57
2020-06-04 06:40:37,0.109,18.0,45,1002.9,2.39,5.45,7.49,5.15
2020-06-04 06:50:35,0.117,17.9,45,1002.9,1.91,4.17,6.33,3.89
2020-06-04 07:00:35,0.117,17.9,45,1002.8,1.79,3.92,5.93,3.33
2020-06-04 07:10:34,0.113,17.9,45,1002.8,2.11,4.15,5.74,3.47
2020-06-04 07:20:35,0.112,17.9,45,1002.8,2.19,4.06,5.26,3.16
2020-06-04 07:30:35,0.118,17.9,45,1002.9,2.13,4.09,5.23,3.1
2020-06-04 07:40:36,0.114,18.0,45,1002.8,1.96,3.47,5.0,2.55
2020-06-04 07:50:33,0.123,18.0,45,1002.8,1.82,3.47,4.66,2.24
2020-06-04 08:00:35,0.118,18.1,45,1002.7,2.53,4.46,5.65,3.22
2020-06-04 08:10:36,0.114,18.1,46,1002.6,2.68,4.6,5.53,3.46
2020-06-04 08:20:38,0.116,18.1,45,1002.7,2.39,4.0,5.31,2.88
2020-06-04 08:30:35,0.117,18.1,45,1002.6,2.48,4.25,5.05,2.89
2020-06-04 08:40:35,0.128,18.3,45,1002.7,2.35,3.7,4.85,2.74
2020-06-04 08:50:35,0.119,17.7,44,1002.7,3.6,4.94,6.04,3.81
2020-06-04 09:00:35,0.073,17.6,44,1002.7,3.77,5.29,6.06,3.99
2020-06-04 09:10:36,0.076,17.5,45,1002.6,3.48,4.98,5.96,3.68
2020-06-04 09:20:35,0.075,17.8,45,1002.5,3.77,5.29,6.06,3.99
2020-06-04 09:30:34,0.115,17.8,45,1002.5,13.28,15.06,16.28,14.04
2020-06-04 09:40:34,0.309,17.7,44,1002.5,10.53,12.55,13.54,11.14
2020-06-04 10:00:38,0.086,17.1,42,1002.6,5.43,7.11,8.02,5.74
2020-06-04 10:10:36,0.003,16.0,45,1002.4,3.05,4.51,5.55,3.23
2020-06-04 10:20:36,0.0,15.5,45,1002.3,2.48,3.92,4.89,2.62
2020-06-04 10:30:34,0.0,15.3,46,1002.3,1.73,2.93,4.16,1.83
2020-06-04 10:40:37,0.0,15.0,47,1002.1,1.64,3.2,3.84,1.74
2020-06-04 12:30:45,0.022,16.6,45,1001.6,1.64,3.18,3.81,1.73
2020-06-04 12:40:37,0.025,16.4,48,1001.4,1.49,2.97,3.96,1.57
2020-06-04 12:50:37,0.023,16.0,47,1001.3,1.27,2.71,3.48,1.34
2020-06-04 13:00:41,0.021,16.2,47,1001.2,1.66,2.87,4.03,1.76
2020-06-04 13:20:45,0.041,16.9,44,1001.2,1.19,2.6,3.29,1.26
2020-06-04 13:30:44,0.035,17.0,43,1001.3,1.43,3.0,3.93,1.51
2020-06-04 13:40:47,0.035,16.8,44,1001.4,1.63,3.09,4.23,1.73
2020-06-04 13:50:35,0.032,16.6,43,1001.3,2.76,4.11,5.42,2.96
2020-06-04 14:00:35,0.048,17.2,42,1001.3,2.77,4.22,4.98,2.92
2020-06-04 14:20:43,0.06,17.6,39,1001.2,3.15,4.78,5.41,3.33
2020-06-04 14:30:40,0.056,17.9,39,1001.3,3.36,4.99,5.84,3.55
2020-06-04 14:40:37,0.067,18.0,39,1001.1,3.9,5.34,6.23,4.13
2020-06-04 14:50:34,0.069,18.1,39,1000.9,3.38,4.69,6.06,3.58
2020-06-04 15:00:42,0.064,18.0,39,1000.9,3.58,5.26,5.83,3.79
2020-06-04 15:10:42,0.065,18.0,39,1000.8,3.39,4.74,5.62,3.59
2020-06-04 15:20:44,0.056,17.9,39,1000.7,3.18,4.57,5.74,3.37
2020-06-04 15:30:39,0.061,17.9,39,1000.6,3.13,4.65,5.77,3.31
2020-06-04 15:40:44,0.067,18.0,40,1000.7,2.44,3.59,5.02,2.58
2020-06-04 15:50:45,0.071,18.1,40,1000.6,2.75,4.11,5.36,2.91
2020-06-04 16:00:35,0.062,18.0,39,1000.7,1.86,3.44,4.3,1.97
2020-06-04 16:10:41,0.055,18.0,39,1000.6,1.53,2.77,3.79,1.61
2020-06-04 16:20:37,0.062,18.1,39,1000.5,1.94,3.09,4.52,2.05
2020-06-04 16:30:45,0.058,18.0,39,1000.4,1.36,2.48,3.85,1.44
2020-06-04 16:40:35,0.056,17.9,40,1000.3,1.21,2.72,3.43,1.28
2020-06-04 16:50:42,0.052,17.7,40,1000.1,1.4,2.75,3.65,1.48
2020-06-04 17:00:47,0.047,17.5,40,1000.2,1.42,2.94,3.86,1.5
2020-06-04 17:10:43,0.053,17.5,40,1000.1,1.02,2.22,3.24,1.08
2020-06-04 17:20:42,0.059,17.6,41,1000.1,1.0,2.09,3.09,1.06
2020-06-04 17:30:35,0.054,17.5,41,1000.0,1.0,2.28,3.18,1.0
2020-06-04 17:40:47,0.067,17.5,42,999.9,1.0,2.2,3.16,1.01
2020-06-04 17:50:35,0.085,17.8,42,1000.0,1.12,2.52,3.64,1.19
2020-06-04 18:10:35,0.093,17.7,43,999.8,1.2,2.68,3.38,1.27
2020-06-04 18:20:35,0.088,17.7,43,999.8,1.04,2.34,3.37,1.09
2020-06-04 18:30:35,0.094,17.6,43,1000.1,1.11,2.47,3.59,1.18
2020-06-04 18:40:35,0.091,17.5,44,999.9,1.0,2.12,2.94,1.0
2020-06-04 18:50:35,0.087,17.4,46,999.8,1.38,2.57,3.95,1.46
2020-06-04 19:00:37,0.086,17.3,46,999.6,1.11,2.43,3.54,1.17
2020-06-04 19:10:33,0.08,17.2,46,999.5,1.06,2.57,3.13,1.12
2020-06-04 19:20:35,0.08,17.2,46,999.4,1.18,2.53,3.72,1.25
2020-06-04 19:30:34,0.101,17.3,46,999.4,1.0,2.4,3.32,1.0
2020-06-04 19:40:35,0.098,17.4,47,999.2,1.06,2.53,3.59,1.12
2020-06-04 19:50:37,0.147,17.7,45,999.2,1.31,2.53,3.83,1.38
2020-06-04 20:00:35,0.145,17.6,45,999.2,1.0,2.07,3.01,1.0
2020-06-04 20:10:33,0.119,17.8,46,999.2,1.0,2.2,3.1,1.0
2020-06-04 20:20:36,0.106,17.7,46,999.3,1.0,2.22,3.06,1.0
2020-06-04 20:30:34,0.103,18.0,46,999.2,1.0,2.39,3.24,1.0
2020-06-04 20:40:34,0.154,18.1,46,999.0,1.0,2.03,3.28,1.0
2020-06-04 20:50:33,0.153,18.2,47,998.9,1.0,2.44,3.43,1.04
2020-06-04 21:00:33,0.158,18.2,47,998.8,1.0,2.18,2.82,1.0
2020-06-04 21:10:35,0.155,18.2,47,998.8,1.0,1.79,3.01,1.0
2020-06-04 21:20:37,0.16,18.1,47,998.6,1.0,2.14,2.78,1.0
2020-06-04 21:30:34,0.159,18.1,47,998.4,1.0,1.75,2.72,1.0
2020-06-04 21:40:36,0.16,18.1,48,998.4,1.0,1.76,2.79,1.0
2020-06-04 21:50:36,0.161,18.1,48,998.2,1.0,1.78,2.81,1.0
2020-06-04 22:00:37,0.158,18.0,48,998.3,1.0,1.91,2.9,1.0
2020-06-04 22:10:36,0.166,18.1,48,998.3,1.0,1.73,2.76,1.0
2020-06-04 22:20:35,0.157,18.0,48,998.2,1.0,1.87,2.98,1.0
2020-06-04 22:30:34,0.158,18.0,48,998.1,1.0,1.54,2.48,1.0
2020-06-04 22:40:35,0.159,18.0,48,998.0,1.0,1.38,2.74,1.0
2020-06-04 22:50:35,0.162,18.0,48,998.0,1.0,1.82,2.67,1.0
2020-06-04 23:00:36,0.158,18.0,48,997.7,1.0,1.67,2.5,1.0
2020-06-04 23:10:35,0.161,18.0,48,997.8,1.0,1.98,2.98,1.0
2020-06-04 23:20:35,0.158,18.0,49,997.6,1.0,1.6,2.48,1.0
2020-06-04 23:30:36,0.162,18.0,48,997.6,1.0,1.56,2.56,1.0
2020-06-04 23:40:36,0.165,18.0,49,997.4,1.0,2.16,2.8,1.0
2020-06-04 23:50:37,0.162,18.0,49,997.3,1.0,1.88,2.8,1.0
2020-06-05 00:00:37,0.164,18.0,49,997.2,1.0,1.64,2.6,1.0
2020-06-05 00:10:36,0.162,18.0,49,997.2,1.0,1.78,2.88,1.0
2020-06-05 00:20:36,0.163,18.0,49,996.9,1.0,1.99,3.23,1.0
2020-06-05 00:30:36,0.163,18.0,49,996.8,1.0,2.14,3.02,1.0
2020-06-05 00:40:35,0.163,18.0,49,996.7,1.0,1.89,3.06,1.0
2020-06-05 00:50:36,0.164,18.0,50,996.5,1.0,2.32,3.1,1.0
2020-06-05 01:00:35,0.158,18.0,50,996.5,1.0,2.3,3.09,1.0
2020-06-05 01:10:35,0.162,18.0,50,996.5,1.0,2.21,2.98,1.0
2020-06-05 01:20:34,0.164,18.0,50,996.3,1.0,2.28,3.18,1.0
2020-06-05 01:30:36,0.164,18.0,50,996.3,1.0,2.09,3.03,1.0
2020-06-05 01:40:36,0.162,18.0,50,996.2,1.0,2.18,3.07,1.0
2020-06-05 01:50:35,0.164,18.0,50,996.2,1.02,2.22,3.24,1.08
2020-06-05 02:00:35,0.163,18.0,50,996.1,1.09,2.27,3.36,1.15
2020-06-05 02:10:37,0.168,18.0,50,996.0,1.0,1.89,3.13,1.0
2020-06-05 02:20:36,0.172,17.9,50,995.8,1.32,2.59,3.41,1.39
2020-06-05 02:30:37,0.166,17.9,50,995.9,1.13,2.62,3.25,1.2
2020-06-05 02:40:37,0.165,17.9,50,995.8,1.0,2.1,3.1,1.06
2020-06-05 02:50:35,0.161,17.9,50,995.7,1.12,2.55,3.67,1.19
2020-06-05 03:00:37,0.165,17.8,49,995.6,1.62,3.05,4.17,1.72
2020-06-05 03:10:35,0.162,17.7,49,995.6,1.16,2.35,3.51,1.23
2020-06-05 03:20:35,0.161,17.8,49,995.6,1.25,2.57,3.87,1.36
2020-06-05 03:30:35,0.164,17.9,49,995.5,1.27,2.69,3.53,1.4
2020-06-05 03:40:38,0.167,17.9,49,995.5,1.3,2.85,3.81,1.51
2020-06-05 03:50:37,0.162,17.8,48,995.3,1.12,2.51,3.69,1.23
2020-06-05 04:00:34,0.162,17.8,48,995.2,1.26,2.57,3.4,1.39
2020-06-05 04:10:36,0.161,17.8,48,995.2,1.28,2.74,3.6,1.42
2020-06-05 04:20:34,0.162,17.8,48,995.3,1.28,2.76,3.64,1.43
2020-06-05 04:30:37,0.155,17.8,48,995.4,1.24,2.38,3.73,1.4
2020-06-05 04:40:36,0.155,17.8,48,995.2,1.29,2.76,3.81,1.58
2020-06-05 04:50:33,0.158,17.7,48,995.3,1.4,2.94,4.36,1.91
2020-06-05 05:00:37,0.155,17.7,48,995.4,1.42,2.73,4.09,1.87
2020-06-05 05:10:33,0.153,17.7,47,995.3,1.61,3.16,4.36,2.2
2020-06-05 05:20:35,0.154,17.8,47,995.4,1.37,2.78,4.1,1.82
2020-06-05 05:30:35,0.151,17.8,47,995.4,1.83,3.75,4.97,2.68
2020-06-05 05:40:35,0.152,17.7,47,995.3,1.95,3.75,4.98,2.72
2020-06-05 05:50:35,0.155,17.7,47,995.2,2.01,3.71,5.09,2.85
2020-06-05 06:00:34,0.155,17.7,47,995.1,2.02,3.81,5.06,2.74
2020-06-05 06:10:36,0.154,17.7,47,995.3,2.03,3.89,5.15,2.76
2020-06-05 06:20:35,0.154,17.7,47,995.4,2.04,3.6,4.73,2.65
2020-06-05 06:30:34,0.15,17.7,47,995.4,1.73,3.09,4.34,2.27
2020-06-05 06:40:35,0.152,17.6,47,995.5,1.98,3.67,4.52,2.4
2020-06-05 06:50:35,0.153,17.6,47,995.4,2.06,3.44,4.77,2.41
2020-06-05 07:00:36,0.149,17.6,47,995.5,2.03,3.69,4.41,2.31
2020-06-05 07:10:35,0.147,17.7,47,995.6,2.14,3.48,4.99,2.57
2020-06-05 07:20:34,0.154,17.6,46,995.7,1.73,3.34,4.16,1.91
2020-06-05 07:30:35,0.148,17.6,46,995.6,2.03,3.28,4.44,2.26
2020-06-05 07:40:36,0.154,17.6,46,995.7,2.17,3.41,4.57,2.29
2020-06-05 07:50:37,0.166,17.4,49,995.8,2.25,3.51,4.9,2.49
2020-06-05 08:00:36,0.164,17.0,49,996.0,1.96,3.23,4.18,2.07
2020-06-05 08:10:35,0.164,16.9,49,995.8,1.76,3.18,3.95,1.87
2020-06-05 08:20:36,0.162,16.9,49,995.9,1.93,3.42,4.57,2.23
2020-06-05 08:30:35,0.154,16.9,49,995.9,2.0,3.36,4.73,2.42
2020-06-05 08:40:38,0.159,16.9,48,996.1,1.45,2.99,4.22,1.77
2020-06-05 08:50:39,0.16,17.0,48,995.9,1.82,3.49,4.59,2.16
2020-06-05 09:00:35,0.128,16.8,47,996.1,1.42,3.09,4.12,2.01
2020-06-05 09:10:36,0.125,16.0,48,996.0,1.21,2.73,3.44,1.28
2020-06-05 09:30:32,0.032,15.3,49,996.1,1.0,2.5,3.49,1.05
2020-06-05 09:40:35,0.025,15.1,49,996.1,1.34,2.73,3.62,1.46
2020-06-05 09:50:36,0.018,15.1,49,996.0,1.04,2.33,3.41,1.13
2020-06-05 10:00:37,0.014,15.0,50,996.0,1.33,2.62,3.54,1.48
2020-06-05 10:10:35,0.023,15.2,51,995.9,1.33,2.68,3.51,1.4
2020-06-05 10:20:36,0.021,15.3,50,996.0,1.26,2.68,3.44,1.34
2020-06-05 10:40:36,0.016,15.4,49,996.1,1.44,2.57,4.06,1.56
2020-06-05 10:50:36,0.033,15.4,50,996.0,1.34,2.78,3.63,1.42
2020-06-05 11:00:37,0.033,15.4,48,996.1,1.46,2.71,3.77,1.63
2020-06-05 11:10:35,0.033,15.4,49,996.1,1.29,2.83,3.74,1.46
2020-06-05 11:20:36,0.025,15.4,49,996.2,1.18,2.44,3.76,1.36
2020-06-05 11:30:35,0.03,15.4,48,996.2,1.81,3.46,4.42,2.04
2020-06-05 11:40:35,0.037,15.5,46,996.0,1.64,3.2,3.83,1.74
2020-06-05 11:50:37,0.033,15.6,46,996.1,1.62,3.06,4.19,1.72
2020-06-05 12:00:36,0.037,15.8,45,996.1,1.61,2.96,4.12,1.75
2020-06-05 12:10:36,0.043,15.9,47,996.0,1.75,3.07,4.32,1.85
2020-06-05 12:20:37,0.046,16.0,46,996.0,1.59,2.83,3.92,1.69
2020-06-05 12:30:39,0.035,16.0,46,996.0,2.0,3.55,4.61,2.17
2020-06-05 12:40:37,0.035,15.9,46,996.1,2.12,3.48,4.66,2.3
2020-06-05 12:50:36,0.03,15.8,45,996.4,1.64,3.19,3.83,1.73
2020-06-05 13:00:38,0.028,15.6,45,996.5,2.52,3.79,4.81,2.67
2020-06-05 13:10:35,0.028,15.4,50,996.6,2.24,3.51,4.75,2.37
2020-06-05 13:20:36,0.017,15.2,49,996.8,1.8,2.99,4.29,1.91
2020-06-05 13:30:37,0.012,15.2,49,996.8,2.22,3.82,4.53,2.34
2020-06-05 13:40:35,0.022,15.3,48,996.7,1.39,2.65,3.53,1.47
2020-06-05 13:50:36,0.018,15.5,47,996.6,1.69,3.09,4.28,1.79
2020-06-05 14:00:35,0.028,15.5,47,996.6,1.89,3.24,4.13,2.0
2020-06-05 14:10:35,0.027,15.8,46,996.4,1.39,2.71,3.6,1.47
2020-06-05 14:20:36,0.042,15.9,45,996.5,1.58,2.71,3.78,1.67
2020-06-05 14:30:36,0.028,15.9,44,996.6,1.21,2.72,3.43,1.28
2020-06-05 14:40:35,0.026,15.8,44,996.6,1.0,2.4,3.32,1.0
2020-06-05 14:50:38,0.023,15.9,42,996.3,1.0,2.27,3.23,1.02
2020-06-05 15:00:36,0.051,16.1,43,996.5,1.0,2.3,3.08,1.0
2020-06-05 15:10:36,0.035,16.2,42,996.5,1.0,2.17,2.87,1.0
2020-06-05 15:20:37,0.028,16.2,41,996.5,1.0,1.72,2.87,1.0
2020-06-05 15:30:36,0.027,16.1,41,996.5,1.0,2.04,2.61,1.0
2020-06-05 15:40:37,0.025,16.0,41,996.4,1.0,2.34,3.32,1.03
2020-06-05 15:50:38,0.021,15.9,41,996.4,1.0,1.76,2.97,1.0
2020-06-05 16:00:34,0.034,16.0,42,996.5,1.0,1.91,3.08,1.0
2020-06-05 16:41:34,0.017,15.9,40,996.4,1.0,1.81,2.91,1.0
2020-06-05 17:11:37,0.017,16.0,39,996.2,1.0,1.89,3.05,1.0
2020-06-05 17:21:34,0.012,15.9,39,996.3,1.0,2.25,3.21,1.0
2020-06-05 17:41:39,0.013,15.8,40,996.3,1.45,2.65,3.6,1.5
2020-06-05 17:51:36,0.016,15.8,39,996.3,1.18,2.49,3.67,1.2
2020-06-05 18:01:39,0.012,15.8,39,996.2,1.0,2.38,3.24,1.
2020-06-05 18:11:36,0.012,15.8,39,996.0,1.0,2.43,3.36,1.
2020-06-05 18:21:38,0.013,15.7,38,996.2,1.0,2.09,2.91,1.
2020-06-05 18:31:40,0.01,15.6,38,996.3,1.04,2.4,3.44,1.
2020-06-05 18:41:35,0.005,15.4,39,996.3,1.0,1.79,3.01,1.
2020-06-05 18:51:36,0.009,15.3,40,996.3,1.0,1.93,3.1,1.
2020-06-05 19:01:37,0.071,15.8,40,996.4,1.08,2.24,3.32,1.1
2020-06-05 19:11:37,0.102,16.1,41,996.5,1.0,2.41,3.4,1.0
2020-06-05 19:21:36,0.121,16.3,42,996.3,1.31,2.54,3.85,1.3
2020-06-05 19:31:37,0.116,16.5,40,996.4,1.02,2.19,3.21,1.0
2020-06-05 19:41:35,0.129,16.5,40,996.3,1.1,2.3,3.45,1.
2020-06-05 19:51:37,0.128,16.5,40,996.2,1.09,2.25,3.45,1.2
2020-06-05 20:01:37,0.22,16.7,43,996.2,1.0,1.53,2.32,1.
2020-06-05 20:11:34,0.242,17.0,44,996.3,1.0,1.47,2.74,1.
2020-06-05 20:21:36,0.258,17.3,45,996.6,1.0,1.52,2.43,1.
2020-06-05 20:31:35,0.256,17.5,43,996.7,1.0,1.55,2.26,1.
2020-06-05 20:41:36,0.262,17.7,43,996.8,1.0,1.46,2.59,1.
2020-06-05 20:51:38,0.262,17.7,43,996.8,1.0,1.58,2.49,1.
2020-06-05 21:11:35,0.2,16.9,46,996.6,1.06,2.33,3.71,1.3
2020-06-05 21:21:39,0.147,16.7,46,996.7,1.28,3.03,3.81,1.7
2020-06-05 21:31:34,0.14,16.6,46,996.7,1.17,2.6,3.89,1.7
2020-06-05 21:41:38,0.137,16.5,46,996.8,1.23,2.96,4.54,2.0
2020-06-05 21:51:34,0.132,16.4,48,996.9,1.0,2.54,3.38,1.3
2020-06-05 22:01:34,0.128,16.4,48,997.0,1.17,3.06,3.96,1.8
2020-06-05 22:11:33,0.132,16.3,48,997.2,1.15,2.89,4.21,1.7
2020-06-05 22:21:37,0.131,16.3,48,997.3,1.14,2.74,4.16,1.8
2020-06-05 22:31:34,0.128,16.3,48,997.3,1.18,3.04,4.14,2.0
2020-06-05 22:41:35,0.13,16.3,48,997.4,1.28,2.79,4.49,2.1
2020-06-05 22:51:35,0.13,16.2,48,997.5,1.0,2.41,3.92,1.4
2020-06-05 23:01:37,0.125,16.2,48,997.4,1.15,2.51,4.16,1.6
2020-06-05 23:11:37,0.122,16.2,48,997.5,1.0,2.48,3.68,1.2
2020-06-05 23:21:38,0.119,16.1,47,997.6,1.0,2.49,3.63,1.1
2020-06-05 23:31:34,0.119,16.1,47,997.7,1.0,2.18,2.99,1.
2020-06-05 23:41:36,0.124,16.1,47,997.7,1.26,2.55,3.99,1.4
2020-06-05 23:51:33,0.125,16.1,47,997.7,1.0,2.16,3.29,1.1
2020-06-06 00:01:36,0.122,16.1,47,997.7,1.23,2.73,3.8,1.5
2020-06-06 00:11:36,0.116,16.0,47,997.8,1.14,2.53,3.98,1.4
2020-06-06 00:21:36,0.119,16.0,47,998.0,1.38,2.84,4.23,1.8
2020-06-06 00:31:34,0.115,16.0,46,997.9,1.43,3.15,4.21,2.0
2020-06-06 00:41:37,0.113,15.9,46,997.9,1.06,2.64,3.94,1.7
2020-06-06 00:51:34,0.114,15.9,46,998.0,1.03,2.45,4.06,1.5
2020-06-06 01:01:39,0.108,15.9,46,998.0,1.0,2.56,3.62,1.5
2020-06-06 01:11:34,0.109,15.9,45,998.1,1.07,2.82,3.91,1.5
2020-06-06 01:21:39,0.107,15.8,45,998.2,1.0,2.72,3.7,1.4
2020-06-06 01:31:35,0.108,15.8,45,998.2,1.0,2.54,3.32,1.2
2020-06-06 01:41:36,0.106,15.7,45,998.2,1.0,2.05,3.12,1.0
2020-06-06 01:51:34,0.099,15.7,45,998.2,1.0,2.3,3.33,1.0
2020-06-06 02:01:34,0.098,15.7,45,998.2,1.0,1.96,3.42,1.
2020-06-06 02:11:34,0.096,15.6,44,998.1,1.0,1.86,3.1,1.
2020-06-06 02:21:39,0.1,15.6,44,998.0,1.0,1.97,3.24,1.
2020-06-06 02:31:34,0.097,15.6,44,998.1,1.0,2.32,3.18,1.
2020-06-06 02:41:37,0.096,15.5,44,998.0,1.0,2.12,2.92,1.
2020-06-06 02:51:33,0.096,15.5,44,998.0,1.0,2.13,2.97,1.
2020-06-06 03:01:36,0.096,15.5,44,998.0,1.0,1.63,2.79,1.
2020-06-06 03:11:35,0.095,15.5,44,998.0,1.0,2.06,2.93,1.
2020-06-06 03:21:38,0.092,15.5,43,998.0,1.0,2.39,3.55,1.1
2020-06-06 03:31:34,0.093,15.4,46,998.0,1.0,2.65,3.74,1.5
2020-06-06 03:41:36,0.09,15.4,45,998.0,1.0,2.46,3.84,1.7
2020-06-06 03:51:34,0.089,15.4,45,998.0,1.04,2.7,4.53,2.1
2020-06-06 04:01:37,0.089,15.4,45,997.9,1.0,2.82,4.32,1.8
2020-06-06 04:11:35,0.084,15.3,45,997.8,1.08,2.92,4.95,2.3
2020-06-06 04:21:36,0.083,15.3,44,998.0,1.0,2.43,3.86,1.3
2020-06-06 04:31:36,0.083,15.3,44,998.0,1.0,2.69,4.27,1.9
2020-06-06 04:41:37,0.087,15.3,44,998.0,1.0,2.63,4.04,1.7
2020-06-06 04:51:37,0.082,15.2,44,998.1,1.0,2.63,4.01,1.7
2020-06-06 05:01:36,0.081,15.2,44,998.2,1.0,3.0,4.14,2.
2020-06-06 05:11:37,0.08,15.2,44,998.1,1.46,4.03,5.74,3.4
2020-06-06 05:21:37,0.084,15.2,44,998.2,1.72,4.78,7.21,4.
2020-06-06 05:31:34,0.077,15.2,44,998.1,1.8,4.92,7.53,5.0
2020-06-06 07:51:34,0.121,15.7,43,998.4,2.29,5.09,7.66,5.1
2020-06-06 08:01:35,0.12,15.7,43,998.4,1.79,4.92,7.36,4.9
2020-06-06 08:11:35,0.123,15.8,43,998.3,1.49,4.32,6.38,4.1
2020-06-06 08:21:37,0.143,16.1,44,998.2,1.88,4.93,7.84,5.3
2020-06-06 08:31:34,0.144,16.4,44,998.1,1.87,4.9,7.7,5.2
2020-06-06 08:41:36,0.136,16.5,41,998.1,1.59,4.68,7.61,4.8
2020-06-06 08:51:36,0.046,15.8,41,998.1,1.0,3.39,5.21,2.9
2020-06-06 09:41:37,0.225,15.1,44,998.0,1.2,4.08,6.16,3.6
2020-06-06 10:42:36,0.278,14.2,46,998.5,1.5,5.35,8.31,5.7
2020-06-06 12:02:37,0.061,15.1,52,998.6,1.21,3.94,6.53,4.0
2020-06-06 12:42:37,0.173,17.4,54,998.8,1.04,3.72,6.37,3.6
2020-06-06 13:22:38,0.001,15.1,53,999.0,1.0,3.16,5.35,2.8
2020-06-06 14:22:29,0.005,17.1,66,998.7,3.52,8.03,12.47,9.4
2020-06-06 14:34:42,1.057,17.7,49,998.9,208.19,250.29,279.77,272.61
2020-06-06 15:04:44,0.117,14.1,58,998.8,2.85,5.83,8.07,5.42
2020-06-06 15:17:16,0.106,15.0,57,998.8,3.34,7.99,12.37,9.39
2020-06-06 15:35:48,0.089,14.8,57,998.9,1.9,3.85,5.06,2.68
2020-06-06 15:47:33,0.079,14.2,60,998.9,1.98,4.03,5.66,3.47
2020-06-06 16:00:17,0.048,14.0,60,998.9,1.42,3.27,4.96,2.56
2020-06-06 16:13:00,0.025,14.0,60,998.9,1.53,3.05,4.07,2.03
2020-06-06 19:02:10,0.186,16.5,54,999.4,1.44,2.55,3.99,1.52
2020-06-06 19:33:25,0.138,17.6,51,999.4,6.96,13.01,18.34,15.58
2020-06-06 19:44:41,0.199,17.5,53,999.5,555.82,724.92,858.46,833.96
2020-06-06 19:51:28,0.194,17.4,57,999.6,521.2,596.24,639.48,630.25
2020-06-06 20:03:20,0.197,17.6,54,999.6,396.93,461.59,501.72,493.13
2020-06-06 20:15:22,0.186,17.7,53,999.8,295.81,365.7,417.02,406.43
2020-06-06 20:33:23,0.188,16.9,56,1000.0,143.48,167.88,183.16,178.64
2020-06-06 20:52:30,0.142,16.5,55,999.9,86.34,99.71,107.65,104.15
2020-06-06 21:03:46,0.173,16.5,54,1000.1,62.82,73.23,79.34,76.03
2020-06-06 21:23:07,0.117,16.4,57,1000.3,46.85,56.94,64.26,60.89
2020-06-06 21:47:01,0.11,16.1,56,1000.7,24.19,30.01,33.61,30.98
2020-06-06 22:05:04,0.122,15.9,55,1001.0,18.14,24.38,29.04,26.32
2020-06-06 22:23:07,0.121,15.8,55,1001.2,11.93,15.52,18.42,15.94
2020-06-06 22:47:36,0.104,15.8,55,1001.3,9.31,11.32,12.78,10.41
2020-06-06 23:02:29,0.106,16.0,54,1001.3,9.18,11.4,12.63,10.19
2020-06-06 23:24:22,0.09,15.6,54,1001.3,5.89,7.27,8.64,6.23
2020-06-06 23:42:30,0.086,15.5,54,1001.2,5.41,7.52,9.56,7.09
2020-06-07 00:07:01,0.076,15.5,54,1001.4,4.57,6.16,7.21,4.83
2020-06-07 00:25:05,0.087,15.5,54,1001.4,4.06,5.6,6.65,4.29
2020-06-07 00:42:30,0.125,15.6,53,1001.5,3.71,5.31,6.01,3.93
2020-06-07 01:08:20,0.064,15.5,53,1001.4,3.39,5.18,6.61,4.46
2020-06-07 01:25:46,0.087,15.4,56,1001.3,2.44,3.62,5.06,2.58
2020-06-07 01:42:28,0.112,15.6,52,1001.3,2.57,4.13,5.19,2.72
2020-06-07 02:02:28,0.074,15.3,56,1001.5,2.9,4.26,5.15,3.06
2020-06-07 02:22:27,0.066,15.7,53,1001.8,2.84,4.33,5.17,3.01
2020-06-07 02:45:02,0.074,15.3,56,1001.9,2.69,4.12,5.3,2.85
2020-06-07 03:02:29,0.111,15.5,52,1002.0,2.69,4.1,5.28,2.84
2020-06-07 03:28:23,0.057,15.4,56,1002.0,3.12,4.55,5.66,3.3
2020-06-07 03:46:21,0.065,15.2,56,1001.8,3.57,5.34,6.52,4.29
2020-06-07 04:28:52,0.067,15.2,55,1002.2,3.19,7.16,10.75,7.86
2020-06-07 05:23:45,0.051,15.2,55,1002.4,3.33,4.77,5.6,3.53
2020-06-07 05:47:34,0.07,15.1,55,1002.7,3.28,5.0,6.35,3.95
2020-06-07 06:02:27,0.067,15.4,54,1002.8,3.42,5.2,6.17,4.09
2020-06-07 06:23:43,0.096,15.2,55,1003.0,3.15,6.62,10.23,7.45
2020-06-07 06:42:28,0.066,15.1,55,1003.2,3.57,5.76,7.49,5.16
2020-06-07 07:02:28,0.06,15.6,52,1003.5,3.5,5.1,6.09,3.7
2020-06-07 07:25:40,0.055,15.4,56,1003.8,3.22,4.86,5.57,3.4
2020-06-07 07:43:10,0.091,15.3,56,1004.2,2.56,4.08,5.14,2.71
2020-06-07 08:02:29,0.062,15.5,53,1004.4,2.8,4.0,5.29,2.96
2020-06-07 08:43:45,0.099,15.6,53,1004.7,3.41,5.48,6.71,4.29
2020-06-07 09:14:31,0.177,15.9,55,1004.8,6.91,9.43,11.28,8.94
2020-06-07 11:42:28,0.029,16.7,50,1006.1,1.95,3.15,4.1,2.06
2020-06-07 11:52:28,0.117,16.3,53,1006.0,3.21,8.21,12.38,9.59
2020-06-07 12:05:01,0.091,16.1,53,1006.1,2.43,4.07,5.37,3.3
2020-06-07 12:17:00,0.118,16.2,53,1006.1,2.36,4.1,5.06,3.0
2020-06-07 12:22:29,0.138,16.4,53,1006.3,3.08,4.96,6.04,3.68
2020-06-07 12:35:42,0.099,16.1,53,1006.3,3.87,9.21,13.62,10.77
2020-06-07 12:47:32,0.12,16.3,53,1006.2,3.56,6.6,9.35,6.83
2020-06-07 12:54:23,0.095,16.4,54,1006.3,5.43,11.03,16.23,13.45
2020-06-07 13:05:39,0.121,16.4,54,1006.4,3.84,5.87,7.9,5.47
2020-06-07 13:13:06,0.063,16.6,51,1006.5,4.66,7.65,10.01,7.59
2020-06-07 13:24:24,0.083,16.6,51,1006.7,7.08,16.47,24.37,21.06
2020-06-07 13:36:22,0.081,16.8,50,1006.6,3.79,6.23,8.19,5.82
2020-06-07 13:42:26,0.087,16.8,51,1006.7,4.71,8.64,11.82,9.12
2020-06-07 13:54:24,0.11,16.8,51,1006.9,3.15,4.34,5.48,3.34
2020-06-07 14:13:08,0.055,16.7,50,1006.9,2.27,3.76,4.52,2.4
2020-06-07 14:25:05,0.077,16.8,51,1006.9,3.4,6.99,9.66,7.14
2020-06-07 14:32:27,0.042,17.0,51,1007.0,3.18,6.29,8.66,6.02
2020-06-07 14:43:07,0.085,16.9,50,1006.9,2.53,4.65,5.87,3.67
2020-06-07 14:56:17,0.031,16.9,50,1007.1,2.77,4.25,5.01,2.93
2020-06-07 15:07:39,0.075,16.8,49,1007.2,2.75,4.91,6.35,3.9
2020-06-07 15:12:29,0.094,16.9,49,1007.3,3.14,5.24,7.12,4.78
2020-06-07 15:26:16,0.029,16.7,49,1007.4,2.59,4.44,5.64,3.25
2020-06-07 15:32:28,0.029,16.8,49,1007.4,3.22,4.61,6.24,3.75
2020-06-07 15:45:04,0.016,16.8,49,1007.6,3.1,5.04,6.23,3.78
2020-06-07 16:02:27,0.059,16.8,50,1007.6,3.96,5.83,7.07,4.85
2020-06-07 16:12:26,0.086,17.0,50,1007.7,3.63,5.34,6.46,4.25
2020-06-07 16:27:36,0.015,16.8,49,1007.7,3.42,6.15,8.04,5.67
2020-06-07 16:33:06,0.042,16.7,49,1007.6,2.87,4.29,5.67,3.47
2020-06-07 16:45:02,0.061,16.7,49,1007.7,6.06,9.14,11.0,8.74
2020-06-07 16:52:30,0.017,17.0,51,1007.7,5.93,8.22,9.76,7.62
2020-06-07 17:03:48,0.026,16.7,51,1007.8,4.97,6.38,7.33,5.25
2020-06-07 17:15:08,0.097,16.8,50,1007.8,1.58,3.87,5.49,2.95
2020-06-07 17:28:14,0.017,16.7,50,1007.8,3.99,6.91,9.33,6.66
2020-06-07 17:33:44,0.056,16.7,50,1007.9,3.9,5.94,7.02,4.7
2020-06-07 17:45:42,0.07,16.7,50,1007.9,3.61,5.24,6.27,4.17
2020-06-07 17:52:30,0.015,16.7,50,1007.9,3.58,5.46,6.52,4.19
2020-06-07 18:03:45,0.088,16.7,50,1008.0,1.66,3.4,4.89,2.45
2020-06-07 18:12:28,0.033,16.9,50,1008.1,2.8,4.32,5.45,3.24
2020-06-07 18:22:27,0.034,16.6,50,1008.2,4.26,6.75,8.3,6.0
2020-06-07 18:32:29,0.09,17.0,50,1008.2,3.93,6.24,7.67,5.41
2020-06-07 18:52:28,0.125,16.9,51,1008.4,4.79,6.97,8.15,5.81
2020-06-07 19:02:28,0.105,17.1,51,1008.6,4.37,6.3,7.16,5.04
2020-06-07 19:17:32,0.07,16.8,51,1008.8,3.78,5.34,6.11,4.0
2020-06-07 19:23:44,0.075,16.8,52,1008.9,5.2,6.91,8.27,6.07
2020-06-07 19:35:40,0.094,16.8,52,1009.1,40.99,44.89,46.6,44.09
2020-06-07 19:42:29,0.125,17.1,52,1009.1,150.0,160.66,161.74,159.64
2020-06-07 19:54:29,0.117,17.0,52,1009.1,128.12,138.0,140.86,138.22
2020-06-07 20:05:40,0.154,16.9,53,1009.3,84.88,92.2,93.97,91.63
2020-06-07 20:12:27,0.131,17.0,53,1009.4,73.88,80.4,82.43,80.18
2020-06-07 20:23:44,0.159,16.9,53,1009.5,38.25,42.19,43.98,41.45
2020-06-07 20:36:24,0.126,16.9,52,1009.5,39.04,43.89,46.62,44.07
2020-06-07 20:42:31,0.128,16.8,52,1009.5,34.34,38.41,40.61,37.98
2020-06-07 20:52:28,0.154,17.1,52,1009.7,32.79,36.8,38.38,35.85
2020-06-07 21:06:59,0.116,16.7,52,1009.7,18.13,24.31,29.01,26.35
2020-06-07 21:12:28,0.16,16.9,52,1009.8,22.12,25.58,27.27,24.77
2020-06-07 21:37:38,0.106,16.7,51,1010.1,10.37,12.6,14.07,11.91
2020-06-07 21:43:06,0.129,16.7,51,1010.3,12.93,17.23,21.16,18.28
2020-06-07 21:56:23,0.079,16.7,51,1010.5,8.71,10.81,12.64,10.17
2020-06-07 22:07:45,0.106,16.6,51,1010.6,7.27,9.22,10.18,7.87
2020-06-07 22:12:29,0.133,16.8,51,1010.7,7.55,9.45,10.24,8.21
2020-06-08 12:22:26,0.153,17.2,52,1015.4,4.13,6.65,8.22,5.99
2020-06-08 12:43:45,0.202,20.0,42,1015.3,2.98,5.19,6.5,4.26
2020-06-08 12:52:26,0.135,19.8,41,1015.3,4.06,5.8,6.84,4.71
2020-06-08 13:03:05,0.091,19.0,44,1015.1,3.98,5.49,6.46,4.21
2020-06-08 13:22:29,0.143,22.6,46,1015.3,3.7,5.42,6.65,4.36
2020-06-08 14:05:04,0.106,24.5,37,1015.0,2.26,4.1,5.38,3.24
2020-06-08 15:02:27,0.126,18.9,50,1015.1,4.31,6.83,9.06,6.58
2020-06-08 15:22:28,0.068,18.5,49,1015.2,2.91,6.23,9.13,6.39
2020-06-08 15:32:27,0.096,18.5,48,1015.3,5.42,7.47,8.91,6.6
2020-06-08 17:57:02,0.103,20.1,49,1015.3,4.62,7.82,11.13,8.37
2020-06-08 18:12:27,0.028,20.5,46,1015.2,4.44,6.18,7.11,4.7
2020-06-08 18:27:38,0.038,19.9,48,1015.2,5.75,10.54,15.3,12.34
2020-06-08 18:32:30,0.008,20.3,48,1015.3,5.32,9.53,13.18,10.48
2020-06-08 18:42:29,0.084,19.9,48,1015.2,7.32,11.21,14.16,11.61
2020-06-08 18:52:28,0.0,20.4,47,1015.2,5.45,6.78,8.21,5.77
2020-06-08 19:02:31,0.065,19.3,50,1015.1,5.13,9.69,13.74,10.76
2020-06-08 19:15:03,0.001,20.2,48,1015.2,4.35,5.94,6.77,4.6
2020-06-08 19:56:17,0.059,18.9,50,1015.1,6.34,8.02,9.51,7.27
2020-06-08 20:07:37,0.126,18.3,54,1015.2,6.5,8.2,9.18,6.88
2020-06-08 20:12:27,0.164,18.4,53,1015.2,6.53,7.93,8.93,6.91
2020-06-08 20:25:39,0.164,18.2,53,1015.3,6.4,7.88,9.26,6.77
2020-06-08 20:32:30,0.109,18.2,53,1015.3,7.68,9.16,10.31,8.12
2020-06-08 20:43:47,0.177,18.3,53,1015.4,7.15,10.3,12.32,9.96
2020-06-08 20:52:28,0.128,18.5,50,1015.5,7.13,8.74,9.85,7.54
2020-06-08 21:02:28,0.135,18.2,52,1015.7,7.09,9.4,10.37,8.24
2020-06-08 21:12:29,0.154,18.4,51,1015.8,6.49,8.32,9.81,7.29
2020-06-08 21:33:44,0.092,18.1,50,1015.9,6.99,8.57,9.53,7.39
2020-06-08 21:45:07,0.109,17.8,49,1015.9,6.43,8.49,9.97,7.69
2020-06-08 21:52:31,0.085,18.0,49,1016.0,6.62,8.51,10.22,7.92
2020-06-08 22:03:05,0.146,17.7,48,1016.1,6.12,8.09,9.63,7.25
2020-06-08 22:22:30,0.076,17.3,49,1016.3,6.21,7.69,9.12,6.77
2020-06-08 22:46:18,0.074,16.8,48,1016.4,5.41,6.93,7.82,5.72
2020-06-08 23:04:22,0.095,16.6,47,1016.3,3.65,5.67,6.94,4.8
2020-06-08 23:22:44,0.074,16.3,49,1016.5,3.19,4.64,5.82,3.38
2020-06-08 23:46:57,0.079,16.1,49,1016.5,4.61,6.0,7.09,4.87
2020-06-09 00:02:28,0.104,16.3,48,1016.4,4.09,5.37,6.45,4.33
2020-06-09 00:23:48,0.07,15.9,48,1016.4,4.23,5.5,6.72,4.48
2020-06-09 00:48:13,0.057,15.7,49,1016.4,4.34,6.02,7.5,5.14
2020-06-09 01:05:41,0.129,15.7,48,1016.5,3.4,4.79,5.68,3.59
2020-06-09 01:22:29,0.111,15.8,48,1016.6,5.7,8.28,9.82,7.58
2020-06-09 01:48:51,0.056,15.2,50,1016.5,7.82,12.7,17.4,14.42
2020-06-09 02:07:39,0.033,15.3,50,1016.3,4.64,6.74,7.79,5.68
2020-06-09 02:25:03,0.08,15.0,50,1016.2,4.23,5.48,6.69,4.47
2020-06-09 02:42:31,0.114,15.1,50,1016.1,4.94,6.67,7.59,5.22
2020-06-09 03:08:20,0.028,14.9,50,1015.9,3.2,4.72,5.41,3.39
2020-06-09 03:25:40,0.098,14.8,50,1015.9,7.74,12.06,15.43,12.88
2020-06-09 03:42:28,0.088,14.9,49,1015.8,4.58,7.46,10.29,7.55
2020-06-09 04:03:11,0.022,14.6,50,1015.8,3.57,5.15,6.2,3.77
2020-06-09 04:27:37,0.014,14.6,49,1015.8,3.84,5.5,6.94,4.56
2020-06-09 04:45:40,0.021,14.4,52,1015.8,3.14,4.76,5.4,3.33
2020-06-09 05:03:47,0.023,14.3,52,1015.8,3.64,5.58,7.35,4.79
2020-06-09 05:27:39,0.059,14.2,52,1016.1,3.45,5.1,6.3,3.86
2020-06-09 05:42:29,0.035,14.5,49,1016.1,4.57,6.07,7.32,4.99
2020-06-09 06:23:06,0.022,14.1,53,1016.1,4.81,6.96,8.45,6.08
2020-06-09 06:46:59,0.062,14.4,54,1016.1,7.11,9.46,10.74,8.52
2020-06-09 07:02:26,0.068,14.8,52,1016.2,7.22,9.12,10.51,8.22
2020-06-09 08:24:23,0.119,16.1,52,1016.6,3.97,5.96,7.24,4.88
2020-06-09 08:42:30,0.147,16.2,52,1016.7,4.02,5.52,6.95,4.6
